location,steering,throttle
car0,0,1
car1,0,1
car2,0,1
car3,0,1
car4,0,1
car5,0,1
car6,0,1
car7,0,1
car8,0,1
car9,0,1
car10,0,1
car11,0,1
car12,0,1
car13,0,1
car14,0,1
car15,0,1
car16,0,1
car17,0,1
car18,0,1
car19,0,1
car20,0,1
car21,0,1
car22,0,1
car23,0,1
car24,0,1
car25,0,1
car26,0,1
car27,0,1
car28,0,1
car29,0,1
car30,0,1
car31,0,1
car32,0,1
car33,0,1
car34,0,1
car35,0,1
car36,0,1
car37,0,1
car38,0,1
car39,0,1
car40,0,1
car41,0,1
car42,0,1
car43,0,1
car44,0,1
car45,0,1
car46,0,1
car47,0,1
car48,0,1
car49,0,1
car50,0,1
car51,0,1
car52,0,1
car53,0,1
car54,0,1
car55,0,1
car56,0,1
car57,0,1
car58,0,1
car59,0,1
car60,0,1
car61,0,1
car62,0,1
car63,0,1
car64,0,1
car65,0,1
car66,0,1
car67,0,1
car68,0,1
car69,0,1
car70,0,1
car71,0,1
car72,0,1
car73,0,1
car74,0,1
car75,0,1
car76,0,1
car77,0,1
car78,0,1
car79,0,1
car80,0,1
car81,0,1
car82,0,1
car83,0,1
car84,0,1
car85,0,1
car86,0,1
car87,0,1
car88,0,1
car89,0,1
car90,0,1
car91,0,1
car92,0,1
car93,0,1
car94,0,1
car95,0,1
car96,0,1
car97,0,1
car98,0,1
car99,0,1
car100,0,1
car101,0,1
car102,0,1
car103,0,1
car104,0,1
car105,0,1
car106,0,1
car107,0,1
car108,0,1
car109,0,1
car110,0,1
car111,0,1
car112,0,1
car113,0,1
car114,0,1
car115,0,1
car116,0,1
car117,0,1
car118,0,1
car119,0,1
car120,0,1
car121,0,1
car122,0,1
car123,0,1
car124,0,1
car125,0,1
car126,0,1
car127,0,1
car128,0,1
car129,0,1
car130,0,1
car131,0,1
car132,0,1
car133,0,1
car134,0,1
car135,-1,1
car136,0,1
car137,0,1
car138,0,1
car139,0,1
car140,0,1
car141,0,1
car142,0,1
car143,0,1
car144,0,1
car145,0,1
car146,0,1
car147,0,1
car148,0,1
car149,0,1
car150,0,1
car151,0,1
car152,0,1
car153,0,1
car154,0,1
car155,0,1
car156,0,1
car157,0,1
car158,0,1
car159,0,1
car160,0,1
car161,0,1
car162,0,1
car163,-1,1
car164,0,1
car165,0,1
car166,0,1
car167,0,1
car168,0,1
car169,0,1
car170,0,1
car171,0,1
car172,0,1
car173,0,1
car174,0,1
car175,0,1
car176,0,1
car177,0,1
car178,0,1
car179,0,1
car180,0,1
car181,0,1
car182,0,1
car183,0,1
car184,0,1
car185,0,1
car186,0,1
car187,0,1
car188,0,1
car189,0,1
car190,0,1
car191,0,1
car192,0,1
car193,0,1
car194,0,1
car195,0,1
car196,0,1
car197,0,1
car198,0,1
car199,-1,1
car200,0,1
car201,0,1
car202,0,1
car203,0,1
car204,0,1
car205,-1,1
car206,0,1
car207,0,1
car208,0,1
car209,0,1
car210,0,1
car211,0,1
car212,0,1
car213,0,1
car214,0,1
car215,0,1
car216,0,1
car217,0,1
car218,0,1
car219,0,1
car220,0,1
car221,0,1
car222,0,1
car223,0,1
car224,0,1
car225,0,1
car226,0,1
car227,0,1
car228,0,1
car229,-1,1
car230,0,1
car231,0,1
car232,0,1
car233,0,1
car234,0,1
car235,0,1
car236,0,1
car237,0,1
car238,0,1
car239,0,1
car240,0,1
car241,0,1
car242,0,1
car243,0,1
car244,0,1
car245,0,1
car246,0,1
car247,0,1
car248,0,1
car249,0,1
car250,0,1
car251,0,1
car252,0,1
car253,-1,1
car254,0,1
car255,0,1
car256,0,1
car257,0,1
car258,0,1
car259,0,1
car260,0,1
car261,0,1
car262,0,1
car263,0,1
car264,0,1
car265,0,1
car266,0,1
car267,0,1
car268,0,1
car269,0,1
car270,0,1
car271,0,1
car272,0,1
car273,0,1
car274,0,1
car275,0,1
car276,0,1
car277,0,1
car278,0,1
car279,0,1
car280,0,1
car281,0,1
car282,0,1
car283,0,1
car284,0,1
car285,0,1
car286,0,1
car287,0,1
car288,0,1
car289,0,1
car290,0,1
car291,0,1
car292,0,1
car293,0,1
car294,0,1
car295,0,1
car296,-1,1
car297,0,1
car298,0,1
car299,0,1
car300,0,1
car301,0,1
car302,0,1
car303,0,1
car304,0,1
car305,-1,1
car306,0,1
car307,0,1
car308,0,1
car309,0,1
car310,0,1
car311,0,1
car312,0,1
car313,0,1
car314,0,1
car315,0,1
car316,0,1
car317,0,1
car318,0,1
car319,0,1
car320,0,1
car321,0,1
car322,0,1
car323,0,1
car324,0,1
car325,0,1
car326,0,1
car327,0,1
car328,0,1
car329,0,1
car330,0,1
car331,0,1
car332,-1,1
car333,0,1
car334,0,1
car335,0,1
car336,0,1
car337,0,1
car338,0,1
car339,0,1
car340,0,1
car341,0,1
car342,0,1
car343,0,1
car344,0,1
car345,0,1
car346,0,1
car347,0,1
car348,0,1
car349,0,1
car350,0,1
car351,0,1
car352,0,1
car353,0,1
car354,0,1
car355,0,1
car356,0,1
car357,0,1
car358,0,1
car359,-1,1
car360,0,1
car361,0,1
car362,0,1
car363,0,1
car364,0,1
car365,0,1
car366,0,1
car367,0,1
car368,0,1
car369,1,1
car370,0,1
car371,0,1
car372,0,1
car373,0,1
car374,0,1
car375,0,1
car376,0,1
car377,0,1
car378,0,1
car379,0,1
car380,0,1
car381,0,1
car382,0,1
car383,0,1
car384,-1,1
car385,0,1
car386,0,1
car387,0,1
car388,0,1
car389,0,1
car390,-1,1
car391,0,1
car392,0,1
car393,0,1
car394,0,1
car395,0,1
car396,0,1
car397,0,1
car398,0,1
car399,0,1
car400,0,1
car401,0,1
car402,0,1
car403,0,1
car404,0,1
car405,0,1
car406,0,1
car407,0,1
car408,0,1
car409,-1,1
car410,0,1
car411,0,1
car412,0,1
car413,-1,1
car414,0,1
car415,0,1
car416,0,1
car417,0,1
car418,0,1
car419,0,1
car420,0,1
car421,0,1
car422,0,1
car423,0,1
car424,0,1
car425,0,1
car426,0,1
car427,0,1
car428,0,1
car429,0,1
car430,0,1
car431,0,1
car432,0,1
car433,0,1
car434,0,1
car435,0,1
car436,0,1
car437,0,1
car438,0,1
car439,0,1
car440,0,1
car441,0,1
car442,0,1
car443,0,1
car444,0,1
car445,0,1
car446,0,1
car447,0,1
car448,0,1
car449,0,1
car450,0,1
car451,0,1
car452,0,1
car453,0,1
car454,0,1
car455,0,1
car456,0,1
car457,-1,1
car458,0,1
car459,0,1
car460,0,1
car461,0,1
car462,0,1
car463,0,1
car464,0,1
car465,0,1
car466,0,1
car467,0,1
car468,0,1
car469,0,1
car470,0,1
car471,0,1
car472,0,1
car473,0,1
car474,0,1
car475,0,1
car476,0,1
car477,0,1
car478,0,1
car479,0,1
car480,0,1
car481,0,1
car482,0,1
car483,0,1
car484,0,1
car485,0,1
car486,0,1
car487,0,1
car488,-1,1
car489,0,1
car490,0,1
car491,0,1
car492,0,1
car493,0,1
car494,0,1
car495,0,1
car496,0,1
car497,0,1
car498,0,1
car499,0,1
car500,0,1
car501,0,1
car502,-1,1
car503,0,1
car504,0,1
car505,0,1
car506,0,1
car507,0,1
car508,0,1
car509,0,1
car510,0,1
car511,0,1
car512,0,1
car513,0,1
car514,0,1
car515,0,1
car516,0,1
car517,0,1
car518,0,1
car519,0,1
car520,0,1
car521,0,1
car522,0,1
car523,0,1
car524,0,1
car525,0,1
car526,0,1
car527,0,1
car528,0,1
car529,0,1
car530,0,1
car531,0,1
car532,0,1
car533,0,1
car534,0,1
car535,0,1
car536,-1,1
car537,0,1
car538,0,1
car539,0,1
car540,0,1
car541,-1,1
car542,0,1
car543,0,1
car544,0,1
car545,0,1
car546,0,1
car547,0,1
car548,0,1
car549,0,1
car550,0,1
car551,0,1
car552,0,1
car553,0,1
car554,0,1
car555,0,1
car556,0,1
car557,0,1
car558,0,1
car559,0,1
car560,0,1
car561,-1,1
car562,0,1
car563,0,1
car564,0,1
car565,0,1
car566,0,1
car567,0,1
car568,0,1
car569,0,1
car570,0,1
car571,0,1
car572,0,1
car573,0,1
car574,0,1
car575,-1,1
car576,0,1
car577,0,1
car578,0,1
car579,0,1
car580,0,1
car581,0,1
car582,1,1
car583,0,1
car584,0,1
car585,0,1
car586,0,1
car587,0,1
car588,0,1
car589,0,1
car590,0,1
car591,0,1
car592,0,1
car593,0,1
car594,0,1
car595,0,1
car596,0,1
car597,0,1
car598,0,1
car599,0,1
car600,0,1
car601,0,1
car602,0,1
car603,0,1
car604,0,1
car605,0,1
car606,0,1
car607,0,1
car608,0,1
car609,0,1
car610,0,1
car611,0,1
car612,0,1
car613,0,1
car614,0,1
car615,0,1
car616,0,1
car617,-1,1
car618,0,1
car619,0,1
car620,0,1
car621,0,1
car622,0,1
car623,0,1
car624,0,1
car625,0,1
car626,0,1
car627,0,1
car628,0,1
car629,0,1
car630,0,1
car631,0,1
car632,0,1
car633,0,1
car634,0,1
car635,0,1
car636,0,1
car637,0,1
car638,0,1
car639,0,1
car640,0,1
car641,0,1
car642,0,1
car643,0,1
car644,0,1
car645,-1,1
car646,0,1
car647,0,1
car648,0,1
car649,0,1
car650,0,1
car651,0,1
car652,0,1
car653,0,1
car654,0,1
car655,0,1
car656,0,1
car657,0,1
car658,0,1
car659,0,1
car660,0,1
car661,0,1
car662,-1,1
car663,0,1
car664,0,1
car665,0,1
car666,0,1
car667,0,1
car668,0,1
car669,0,1
car670,0,1
car671,0,1
car672,0,1
car673,0,1
car674,0,1
car675,0,1
car676,0,1
car677,0,1
car678,0,1
car679,0,1
car680,0,1
car681,0,1
car682,0,1
car683,0,1
car684,0,1
car685,0,1
car686,0,1
car687,-1,1
car688,0,1
car689,0,1
car690,0,1
car691,0,1
car692,0,1
car693,0,1
car694,0,1
car695,0,1
car696,0,1
car697,0,1
car698,0,1
car699,0,1
car700,0,1
car701,0,1
car702,0,1
car703,0,1
car704,0,1
car705,0,1
car706,0,1
car707,0,1
car708,0,1
car709,0,1
car710,0,1
car711,0,1
car712,0,1
car713,0,1
car714,0,1
car715,0,1
car716,0,1
car717,0,1
car718,0,1
car719,0,1
car720,0,1
car721,0,1
car722,0,1
car723,0,1
car724,0,1
car725,0,1
car726,-1,1
car727,0,1
car728,0,1
car729,0,1
car730,0,1
car731,0,1
car732,0,1
car733,0,1
car734,1,1
car735,0,1
car736,0,1
car737,0,1
car738,0,1
car739,0,1
car740,0,1
car741,0,1
car742,0,1
car743,0,1
car744,0,1
car745,0,1
car746,0,1
car747,0,1
car748,0,1
car749,0,1
car750,0,1
car751,0,1
car752,0,1
car753,0,1
car754,0,1
car755,0,1
car756,0,1
car757,0,1
car758,0,1
car759,0,1
car760,0,1
car761,0,1
car762,0,1
car763,0,1
car764,0,1
car765,0,1
car766,0,1
car767,0,1
car768,0,1
car769,0,1
car770,0,1
car771,0,1
car772,0,1
car773,0,1
car774,0,1
car775,0,1
car776,0,1
car777,0,1
car778,0,1
car779,0,1
car780,0,1
car781,-1,1
car782,0,1
car783,0,1
car784,0,1
car785,0,1
car786,0,1
car787,0,1
car788,0,1
car789,-1,1
car790,0,1
car791,0,1
car792,0,1
car793,0,1
car794,0,1
car795,0,1
car796,0,1
car797,0,1
car798,0,1
car799,0,1
car800,0,1
car801,0,1
car802,0,1
car803,0,1
car804,-1,1
car805,0,1
car806,0,1
car807,0,1
car808,-1,1
car809,0,1
car810,0,1
car811,0,1
car812,0,1
car813,0,1
car814,0,1
car815,0,1
car816,0,1
car817,0,1
car818,0,1
car819,0,1
car820,0,1
car821,0,1
car822,0,1
car823,0,1
car824,0,1
car825,0,1
car826,0,1
car827,-1,1
car828,0,1
car829,0,1
car830,0,1
car831,0,1
car832,-1,1
car833,0,1
car834,0,1
car835,0,1
car836,0,1
car837,0,1
car838,0,1
car839,0,1
car840,0,1
car841,0,1
car842,-1,1
car843,0,1
car844,0,1
car845,0,1
car846,0,1
car847,0,1
car848,-1,1
car849,0,1
car850,0,1
car851,0,1
car852,0,1
car853,0,1
car854,0,1
car855,0,1
car856,0,1
car857,0,1
car858,0,1
car859,0,1
car860,0,1
car861,0,1
car862,0,1
car863,0,1
car864,0,1
car865,0,1
car866,-1,1
car867,0,1
car868,0,1
car869,0,1
car870,0,1
car871,0,1
car872,0,1
car873,0,1
car874,0,1
car875,0,1
car876,0,1
car877,0,1
car878,0,1
car879,0,1
car880,0,1
car881,0,1
car882,0,1
car883,0,1
car884,0,1
car885,0,1
car886,0,1
car887,0,1
car888,-1,1
car889,0,1
car890,-1,1
car891,0,1
car892,0,1
car893,0,1
car894,1,1
car895,0,1
car896,0,1
car897,0,1
car898,0,1
car899,0,1
car900,0,1
car901,0,1
car902,0,1
car903,0,1
car904,0,1
car905,0,1
car906,0,1
car907,0,1
car908,0,1
car909,0,1
car910,0,1
car911,0,1
car912,0,1
car913,0,1
car914,0,1
car915,0,1
car916,0,1
car917,0,1
car918,0,1
car919,0,1
car920,0,1
car921,0,1
car922,0,1
car923,-1,1
car924,0,1
car925,0,1
car926,0,1
car927,0,1
car928,0,1
car929,0,1
car930,0,1
car931,0,1
car932,0,1
car933,0,1
car934,0,1
car935,0,1
car936,0,1
car937,0,1
car938,0,1
car939,0,1
car940,0,1
car941,0,1
car942,0,1
car943,0,1
car944,0,1
car945,0,1
car946,0,1
car947,0,1
car948,0,1
car949,0,1
car950,0,1
car951,0,1
car952,0,1
car953,0,1
car954,0,1
car955,-1,1
car956,0,1
car957,0,1
car958,0,1
car959,0,1
car960,0,1
car961,0,1
car962,0,1
car963,0,1
car964,0,1
car965,0,1
car966,0,1
car967,0,1
car968,0,1
car969,0,1
car970,0,1
car971,0,1
car972,0,1
car973,0,1
car974,0,1
car975,0,1
car976,0,1
car977,0,1
car978,0,1
car979,0,1
car980,0,1
car981,0,1
car982,0,1
car983,0,1
car984,0,1
car985,0,1
car986,0,1
car987,0,1
car988,0,1
car989,0,1
car990,0,1
car991,0,1
car992,0,1
car993,0,1
car994,0,1
car995,0,1
car996,0,1
car997,0,1
car998,0,1
car999,0,1
car1000,0,1
car1001,0,1
car1002,0,1
car1003,0,1
car1004,0,1
car1005,0,1
car1006,0,1
car1007,0,1
car1008,0,1
car1009,0,1
car1010,0,1
car1011,0,1
car1012,0,1
car1013,-1,1
car1014,0,1
car1015,0,1
car1016,0,1
car1017,0,1
car1018,0,1
car1019,0,1
car1020,0,1
car1021,0,1
car1022,0,1
car1023,0,1
car1024,-1,1
car1025,0,1
car1026,0,1
car1027,0,1
car1028,0,1
car1029,0,1
car1030,0,1
car1031,0,1
car1032,0,1
car1033,0,1
car1034,0,1
car1035,0,1
car1036,0,1
car1037,0,1
car1038,-1,1
car1039,0,1
car1040,0,1
car1041,0,1
car1042,0,1
car1043,0,1
car1044,0,1
car1045,0,1
car1046,0,1
car1047,0,1
car1048,0,1
car1049,0,1
car1050,0,1
car1051,0,1
car1052,0,1
car1053,0,1
car1054,1,1
car1055,0,1
car1056,1,1
car1057,0,1
car1058,0,1
car1059,0,1
car1060,-1,1
car1061,0,1
car1062,0,1
car1063,0,1
car1064,0,1
car1065,0,1
car1066,0,1
car1067,0,1
car1068,0,1
car1069,0,1
car1070,0,1
car1071,0,1
car1072,0,1
car1073,0,1
car1074,0,1
car1075,0,1
car1076,0,1
car1077,0,1
car1078,0,1
car1079,0,1
car1080,0,1
car1081,0,1
car1082,0,1
car1083,1,1
car1084,0,1
car1085,1,1
car1086,0,1
car1087,0,1
car1088,0,1
car1089,0,1
car1090,0,1
car1091,0,1
car1092,0,1
car1093,0,1
car1094,0,1
car1095,0,1
car1096,0,1
car1097,0,1
car1098,0,1
car1099,0,1
car1100,0,1
car1101,0,1
car1102,0,1
car1103,0,1
car1104,0,1
car1105,0,1
car1106,0,1
car1107,0,1
car1108,0,1
car1109,0,1
car1110,0,1
car1111,0,1
car1112,0,1
car1113,0,1
car1114,-1,1
car1115,0,1
car1116,0,1
car1117,0,1
car1118,0,1
car1119,0,1
car1120,0,1
car1121,0,1
car1122,0,1
car1123,0,1
car1124,0,1
car1125,0,1
car1126,0,1
car1127,0,1
car1128,0,1
car1129,0,1
car1130,0,1
car1131,0,1
car1132,0,1
car1133,0,1
car1134,0,1
car1135,0,1
car1136,0,1
car1137,0,1
car1138,0,1
car1139,0,1
car1140,-1,1
car1141,0,1
car1142,0,1
car1143,0,1
car1144,0,1
car1145,0,1
car1146,0,1
car1147,0,1
car1148,0,1
car1149,0,1
car1150,0,1
car1151,0,1
car1152,0,1
car1153,0,1
car1154,0,1
car1155,0,1
car1156,0,1
car1157,0,1
car1158,0,1
car1159,0,1
car1160,0,1
car1161,0,1
car1162,0,1
car1163,0,1
car1164,0,1
car1165,0,1
car1166,0,1
car1167,0,1
car1168,0,1
car1169,0,1
car1170,0,1
car1171,-1,1
car1172,0,1
car1173,0,1
car1174,0,1
car1175,0,1
car1176,0,1
car1177,0,1
car1178,0,1
car1179,0,1
car1180,0,1
car1181,0,1
car1182,0,1
car1183,0,1
car1184,0,1
car1185,0,1
car1186,0,1
car1187,0,1
car1188,0,1
car1189,0,1
car1190,0,1
car1191,0,1
car1192,0,1
car1193,0,1
car1194,0,1
car1195,0,1
car1196,0,1
car1197,0,1
car1198,0,1
car1199,0,1
car1200,0,1
car1201,0,1
car1202,0,1
car1203,0,1
car1204,0,1
car1205,0,1
car1206,0,1
car1207,0,1
car1208,0,1
car1209,0,1
car1210,0,1
car1211,0,1
car1212,0,1
car1213,1,1
car1214,0,1
car1215,0,1
car1216,0,1
car1217,0,1
car1218,0,1
car1219,-1,1
car1220,0,1
car1221,0,1
car1222,0,1
car1223,0,1
car1224,0,1
car1225,0,1
car1226,0,1
car1227,0,1
car1228,0,1
car1229,0,1
car1230,0,1
car1231,0,1
car1232,-1,1
car1233,0,1
car1234,0,1
car1235,0,1
car1236,0,1
car1237,0,1
car1238,1,1
car1239,0,1
car1240,0,1
car1241,0,1
car1242,0,1
car1243,0,1
car1244,0,1
car1245,0,1
car1246,0,1
car1247,0,1
car1248,0,1
car1249,0,1
car1250,0,1
car1251,0,1
car1252,0,1
car1253,0,1
car1254,0,1
car1255,0,1
car1256,0,1
car1257,0,1
car1258,0,1
car1259,0,1
car1260,0,1
car1261,0,1
car1262,0,1
car1263,0,1
car1264,0,1
car1265,0,1
car1266,0,1
car1267,0,1
car1268,-1,1
car1269,0,1
car1270,0,1
car1271,0,1
car1272,0,1
car1273,0,1
car1274,0,1
car1275,0,1
car1276,0,1
car1277,0,1
car1278,0,1
car1279,-1,1
car1280,0,1
car1281,-1,1
car1282,0,1
car1283,0,1
car1284,0,1
car1285,0,1
car1286,0,1
car1287,0,1
car1288,0,1
car1289,0,1
car1290,0,1
car1291,0,1
car1292,0,1
car1293,0,1
car1294,0,1
car1295,0,1
car1296,0,1
car1297,0,1
car1298,0,1
car1299,0,1
car1300,0,1
car1301,0,1
car1302,0,1
car1303,0,1
car1304,0,1
car1305,0,1
car1306,0,1
car1307,-1,1
car1308,0,1
car1309,0,1
car1310,0,1
car1311,0,1
car1312,0,1
car1313,0,1
car1314,0,1
car1315,0,1
car1316,0,1
car1317,0,1
car1318,0,1
car1319,0,1
car1320,0,1
car1321,0,1
car1322,0,1
car1323,0,1
car1324,0,1
car1325,0,1
car1326,-1,1
car1327,0,1
car1328,0,1
car1329,0,1
car1330,0,1
car1331,0,1
car1332,0,1
car1333,0,1
car1334,0,1
car1335,0,1
car1336,0,1
car1337,-1,1
car1338,0,1
car1339,0,1
car1340,-1,1
car1341,0,1
car1342,0,1
car1343,0,1
car1344,0,1
car1345,0,1
car1346,0,1
car1347,0,1
car1348,0,1
car1349,0,1
car1350,0,1
car1351,0,1
car1352,1,1
car1353,0,1
car1354,0,1
car1355,0,1
car1356,0,1
car1357,0,1
car1358,0,1
car1359,0,1
car1360,0,1
car1361,0,1
car1362,0,1
car1363,0,1
car1364,0,1
car1365,0,1
car1366,0,1
car1367,0,1
car1368,0,1
car1369,0,1
car1370,0,1
car1371,0,1
car1372,0,1
car1373,0,1
car1374,0,1
car1375,0,1
car1376,0,1
car1377,1,1
car1378,0,1
car1379,0,1
car1380,0,1
car1381,0,1
car1382,0,1
car1383,0,1
car1384,0,1
car1385,0,1
car1386,1,1
car1387,0,1
car1388,0,1
car1389,0,1
car1390,0,1
car1391,0,1
car1392,0,1
car1393,0,1
car1394,0,1
car1395,0,1
car1396,0,1
car1397,0,1
car1398,0,1
car1399,0,1
car1400,0,1
car1401,0,1
car1402,0,1
car1403,0,1
car1404,0,1
car1405,0,1
car1406,0,1
car1407,0,1
car1408,0,1
car1409,0,1
car1410,0,1
car1411,0,1
car1412,0,1
car1413,0,1
car1414,0,1
car1415,0,1
car1416,0,1
car1417,0,1
car1418,0,1
car1419,0,1
car1420,0,1
car1421,0,1
car1422,0,1
car1423,0,1
car1424,0,1
car1425,0,1
car1426,0,1
car1427,0,1
car1428,0,1
car1429,0,1
car1430,0,1
car1431,0,1
car1432,0,1
car1433,0,1
car1434,-1,1
car1435,0,1
car1436,0,1
car1437,0,1
car1438,0,1
car1439,0,1
car1440,0,1
car1441,0,1
car1442,0,1
car1443,0,1
car1444,0,1
car1445,0,1
car1446,0,1
car1447,0,1
car1448,0,1
car1449,0,1
car1450,-1,1
car1451,0,1
car1452,0,1
car1453,0,1
car1454,0,1
car1455,0,1
car1456,0,1
car1457,0,1
car1458,0,1
car1459,0,1
car1460,0,1
car1461,0,1
car1462,0,1
car1463,0,1
car1464,0,1
car1465,0,1
car1466,0,1
car1467,0,1
car1468,0,1
car1469,0,1
car1470,0,1
car1471,0,1
car1472,0,1
car1473,0,1
car1474,0,1
car1475,0,1
car1476,0,1
car1477,0,1
car1478,0,1
car1479,0,1
car1480,0,1
car1481,0,1
car1482,0,1
car1483,0,1
car1484,0,1
car1485,0,1
car1486,0,1
car1487,0,1
car1488,0,1
car1489,0,1
car1490,0,1
car1491,-1,1
car1492,0,1
car1493,0,1
car1494,0,1
car1495,0,1
car1496,0,1
car1497,0,1
car1498,0,1
car1499,0,1
car1500,0,1
car1501,0,1
car1502,0,1
car1503,0,1
car1504,0,1
car1505,0,1
car1506,0,1
car1507,0,1
car1508,0,1
car1509,0,1
car1510,0,1
car1511,0,1
car1512,0,1
car1513,0,1
car1514,0,1
car1515,0,1
car1516,0,1
car1517,0,1
car1518,-1,1
car1519,0,1
car1520,0,1
car1521,0,1
car1522,0,1
car1523,0,1
car1524,0,1
car1525,0,1
car1526,0,1
car1527,0,1
car1528,0,1
car1529,0,1
car1530,0,1
car1531,0,1
car1532,0,1
car1533,0,1
car1534,0,1
car1535,0,1
car1536,0,1
car1537,0,1
car1538,0,1
car1539,0,1
car1540,0,1
car1541,0,1
car1542,0,1
car1543,0,1
car1544,-1,1
car1545,0,1
car1546,0,1
car1547,0,1
car1548,0,1
car1549,0,1
car1550,0,1
car1551,0,1
car1552,0,1
car1553,0,1
car1554,0,1
car1555,0,1
car1556,0,1
car1557,0,1
car1558,0,1
car1559,0,1
car1560,0,1
car1561,0,1
car1562,0,1
car1563,0,1
car1564,0,1
car1565,0,1
car1566,0,1
car1567,0,1
car1568,0,1
car1569,0,1
car1570,0,1
car1571,0,1
car1572,0,1
car1573,0,1
car1574,0,1
car1575,0,1
car1576,0,1
car1577,0,1
car1578,0,1
car1579,-1,1
car1580,0,1
car1581,0,1
car1582,0,1
car1583,0,1
car1584,0,1
car1585,0,1
car1586,0,1
car1587,0,1
car1588,0,1
car1589,0,1
car1590,0,1
car1591,0,1
car1592,0,1
car1593,0,1
car1594,0,1
car1595,0,1
car1596,-1,1
car1597,0,1
car1598,0,1
car1599,0,1
car1600,0,1
car1601,0,1
car1602,0,1
car1603,0,1
car1604,0,1
car1605,0,1
car1606,0,1
car1607,0,1
car1608,0,1
car1609,0,1
car1610,0,1
car1611,0,1
car1612,0,1
car1613,0,1
car1614,0,1
car1615,0,1
car1616,0,1
car1617,0,1
car1618,0,1
car1619,-1,1
car1620,0,1
car1621,0,1
car1622,0,1
car1623,0,1
car1624,-1,1
car1625,0,1
car1626,0,1
car1627,0,1
car1628,0,1
car1629,0,1
car1630,0,1
car1631,0,1
car1632,0,1
car1633,0,1
car1634,0,1
car1635,0,1
car1636,0,1
car1637,0,1
car1638,0,1
car1639,0,1
car1640,0,1
car1641,-1,1
car1642,0,1
car1643,0,1
car1644,0,1
car1645,0,1
car1646,0,1
car1647,0,1
car1648,0,1
car1649,0,1
car1650,0,1
car1651,0,1
car1652,0,1
car1653,0,1
car1654,0,1
car1655,0,1
car1656,0,1
car1657,0,1
car1658,0,1
car1659,0,1
car1660,0,1
car1661,0,1
car1662,0,1
car1663,0,1
car1664,0,1
car1665,-1,1
car1666,0,1
car1667,0,1
car1668,-1,1
car1669,0,1
car1670,0,1
car1671,0,1
car1672,0,1
car1673,0,1
car1674,0,1
car1675,0,1
car1676,0,1
car1677,0,1
car1678,0,1
car1679,0,1
car1680,0,1
car1681,0,1
car1682,0,1
car1683,0,1
car1684,0,1
car1685,0,1
car1686,0,1
car1687,0,1
car1688,0,1
car1689,0,1
car1690,0,1
car1691,0,1
car1692,0,1
car1693,0,1
car1694,0,1
car1695,0,1
car1696,0,1
car1697,0,1
car1698,0,1
car1699,0,1
car1700,0,1
car1701,0,1
car1702,0,1
car1703,0,1
car1704,0,1
car1705,0,1
car1706,-1,1
car1707,0,1
car1708,0,1
car1709,0,1
car1710,0,1
car1711,0,1
car1712,0,1
car1713,0,1
car1714,0,1
car1715,0,1
car1716,0,1
car1717,0,1
car1718,-1,1
car1719,0,1
car1720,0,1
car1721,0,1
car1722,0,1
car1723,0,1
car1724,0,1
car1725,0,1
car1726,0,1
car1727,0,1
car1728,0,1
car1729,0,1
car1730,0,1
car1731,0,1
car1732,-1,1
car1733,0,1
car1734,0,1
car1735,0,1
car1736,0,1
car1737,0,1
car1738,0,1
car1739,0,1
car1740,0,1
car1741,0,1
car1742,0,1
car1743,0,1
car1744,0,1
car1745,0,1
car1746,0,1
car1747,0,1
car1748,0,1
car1749,0,1
car1750,0,1
car1751,0,1
car1752,0,1
car1753,0,1
car1754,0,1
car1755,0,1
car1756,0,1
car1757,0,1
car1758,0,1
car1759,0,1
car1760,0,1
car1761,0,1
car1762,0,1
car1763,0,1
car1764,0,1
car1765,0,1
car1766,0,1
car1767,0,1
car1768,0,1
car1769,0,1
car1770,0,1
car1771,0,1
car1772,0,1
car1773,0,1
car1774,0,1
car1775,0,1
car1776,0,1
car1777,0,1
car1778,0,1
car1779,0,1
car1780,0,1
car1781,0,1
car1782,0,1
car1783,0,1
car1784,0,1
car1785,0,1
car1786,0,1
car1787,0,1
car1788,0,1
car1789,0,1
car1790,0,1
car1791,0,1
car1792,0,1
car1793,0,1
car1794,0,1
car1795,0,1
car1796,0,1
car1797,0,1
car1798,0,1
car1799,0,1
car1800,0,1
car1801,0,1
car1802,0,1
car1803,0,1
car1804,0,1
car1805,0,1
car1806,0,1
car1807,0,1
car1808,0,1
car1809,0,1
car1810,0,1
car1811,0,1
car1812,0,1
car1813,0,1
car1814,0,1
car1815,0,1
car1816,0,1
car1817,0,1
car1818,0,1
car1819,0,1
car1820,0,1
car1821,0,1
car1822,0,1
car1823,0,1
car1824,0,1
car1825,0,1
car1826,0,1
car1827,0,1
car1828,0,1
car1829,0,1
car1830,0,1
car1831,0,1
car1832,0,1
car1833,0,1
car1834,0,1
car1835,0,1
car1836,0,1
car1837,0,1
car1838,0,1
car1839,0,1
car1840,0,1
car1841,0,1
car1842,0,1
car1843,0,1
car1844,0,1
car1845,0,1
car1846,0,1
car1847,0,1
car1848,0,1
car1849,0,1
car1850,0,1
car1851,0,1
car1852,0,1
car1853,0,1
car1854,0,1
car1855,0,1
car1856,0,1
car1857,0,1
car1858,0,1
car1859,0,1
car1860,0,1
car1861,0,1
car1862,0,1
car1863,0,1
car1864,0,1
car1865,0,1
car1866,0,1
car1867,0,1
car1868,0,1
car1869,0,1
car1870,0,1
car1871,0,1
car1872,0,1
car1873,0,1
car1874,0,1
car1875,0,1
car1876,0,1
car1877,0,1
car1878,0,1
car1879,0,1
car1880,0,1
car1881,0,1
car1882,0,1
car1883,0,1
car1884,0,1
car1885,0,1
car1886,0,1
car1887,0,1
car1888,0,1
car1889,0,1
car1890,0,1
car1891,0,1
car1892,0,1
car1893,0,1
car1894,0,1
car1895,0,1
car1896,0,1
car1897,0,1
car1898,0,1
car1899,0,1
car1900,0,1
car1901,0,1
car1902,0,1
car1903,0,1
car1904,0,1
car1905,0,1
car1906,0,1
car1907,0,1
car1908,0,1
car1909,0,1
car1910,0,1
car1911,0,1
car1912,0,1
car1913,0,1
car1914,0,1
car1915,0,1
car1916,0,1
car1917,0,1
car1918,0,1
car1919,0,1
car1920,0,1
car1921,0,1
car1922,0,1
car1923,0,1
car1924,0,1
car1925,0,1
car1926,0,1
car1927,0,1
car1928,0,1
car1929,0,1
car1930,0,1
car1931,0,1
car1932,0,1
car1933,0,1
car1934,0,1
car1935,0,1
car1936,0,1
car1937,0,1
car1938,0,1
car1939,0,1
car1940,0,1
car1941,0,1
car1942,0,1
car1943,0,1
car1944,0,1
car1945,0,1
car1946,0,1
car1947,0,1
car1948,0,1
car1949,0,1
car1950,0,1
car1951,0,1
car1952,0,1
car1953,0,1
car1954,-1,1
car1955,0,1
car1956,0,1
car1957,0,1
car1958,0,1
car1959,0,1
car1960,0,1
car1961,0,1
car1962,0,1
car1963,0,1
car1964,0,1
car1965,0,1
car1966,0,1
car1967,0,1
car1968,0,1
car1969,0,1
car1970,0,1
car1971,0,1
car1972,0,1
car1973,0,1
car1974,0,1
car1975,0,1
car1976,0,1
car1977,0,1
car1978,0,1
car1979,0,1
car1980,0,1
car1981,0,1
car1982,0,1
car1983,0,1
car1984,0,1
car1985,0,1
car1986,0,1
car1987,0,1
car1988,0,1
car1989,0,1
car1990,0,1
car1991,0,1
car1992,0,1
car1993,0,1
car1994,0,1
car1995,0,1
car1996,0,1
car1997,0,1
car1998,0,1
car1999,0,1
car2000,0,1
car2001,0,1
car2002,0,1
car2003,0,1
car2004,0,1
car2005,0,1
car2006,0,1
car2007,0,1
car2008,0,1
car2009,-1,1
car2010,0,1
car2011,0,1
car2012,0,1
car2013,0,1
car2014,0,1
car2015,0,1
car2016,-1,1
car2017,0,1
car2018,0,1
car2019,0,1
car2020,0,1
car2021,0,1
car2022,0,1
car2023,0,1
car2024,0,1
car2025,0,1
car2026,0,1
car2027,0,1
car2028,0,1
car2029,0,1
car2030,0,1
car2031,0,1
car2032,0,1
car2033,0,1
car2034,0,1
car2035,0,1
car2036,0,1
car2037,0,1
car2038,0,1
car2039,0,1
car2040,0,1
car2041,0,1
car2042,0,1
car2043,0,1
car2044,0,1
car2045,0,1
car2046,0,1
car2047,0,1
car2048,0,1
car2049,0,1
car2050,0,1
car2051,0,1
car2052,0,1
car2053,0,1
car2054,0,1
car2055,0,1
car2056,0,1
car2057,0,1
car2058,0,1
car2059,0,1
car2060,0,1
car2061,0,1
car2062,0,1
car2063,0,1
car2064,0,1
car2065,0,1
car2066,0,1
car2067,0,1
car2068,0,1
car2069,0,1
car2070,0,1
car2071,0,1
car2072,0,1
car2073,0,1
car2074,0,1
car2075,0,1
car2076,0,1
car2077,0,1
car2078,-1,1
car2079,0,1
car2080,0,1
car2081,0,1
car2082,0,1
car2083,0,1
car2084,0,1
car2085,0,1
car2086,0,1
car2087,0,1
car2088,0,1
car2089,0,1
car2090,0,1
car2091,0,1
car2092,0,1
car2093,0,1
car2094,0,1
car2095,0,1
car2096,0,1
car2097,0,1
car2098,-1,1
car2099,0,1
car2100,0,1
car2101,0,1
car2102,0,1
car2103,0,1
car2104,0,1
car2105,0,1
car2106,0,1
car2107,0,1
car2108,0,1
car2109,0,1
car2110,-1,1
car2111,0,1
car2112,0,1
car2113,0,1
car2114,0,1
car2115,0,1
car2116,0,1
car2117,0,1
car2118,0,1
car2119,0,1
car2120,0,1
car2121,0,1
car2122,0,1
car2123,0,1
car2124,0,1
car2125,0,1
car2126,0,1
car2127,0,1
car2128,0,1
car2129,0,1
car2130,0,1
car2131,0,1
car2132,0,1
car2133,0,1
car2134,0,1
car2135,0,1
car2136,0,1
car2137,0,1
car2138,0,1
car2139,0,1
car2140,0,1
car2141,0,1
car2142,0,1
car2143,0,1
car2144,0,1
car2145,0,1
car2146,0,1
car2147,0,1
car2148,0,1
car2149,0,1
car2150,0,1
car2151,-1,1
car2152,0,1
car2153,0,1
car2154,0,1
car2155,0,1
car2156,0,1
car2157,0,1
car2158,0,1
car2159,0,1
car2160,0,1
car2161,0,1
car2162,0,1
car2163,0,1
car2164,0,1
car2165,0,1
car2166,0,1
car2167,0,1
car2168,0,1
car2169,0,1
car2170,0,1
car2171,0,1
car2172,-1,1
car2173,0,1
car2174,0,1
car2175,0,1
car2176,0,1
car2177,0,1
car2178,0,1
car2179,0,1
car2180,0,1
car2181,0,1
car2182,0,1
car2183,0,1
car2184,0,1
car2185,0,1
car2186,0,1
car2187,0,1
car2188,-1,1
car2189,0,1
car2190,0,1
car2191,0,1
car2192,0,1
car2193,0,1
car2194,0,1
car2195,0,1
car2196,0,1
car2197,0,1
car2198,0,1
car2199,0,1
car2200,0,1
car2201,0,1
car2202,0,1
car2203,0,1
car2204,0,1
car2205,0,1
car2206,0,1
car2207,0,1
car2208,0,1
car2209,-1,1
car2210,0,1
car2211,0,1
car2212,0,1
car2213,0,1
car2214,0,1
car2215,0,1
car2216,0,1
car2217,0,1
car2218,0,1
car2219,0,1
car2220,0,1
car2221,0,1
car2222,0,1
car2223,0,1
car2224,0,1
car2225,0,1
car2226,0,1
car2227,-1,1
car2228,0,1
car2229,0,1
car2230,0,1
car2231,0,1
car2232,0,1
car2233,0,1
car2234,0,1
car2235,0,1
car2236,0,1
car2237,0,1
car2238,0,1
car2239,0,1
car2240,0,1
car2241,0,1
car2242,0,1
car2243,0,1
car2244,0,1
car2245,0,1
car2246,0,1
car2247,0,1
car2248,0,1
car2249,-1,1
car2250,0,1
car2251,0,1
car2252,0,1
car2253,0,1
car2254,0,1
car2255,0,1
car2256,0,1
car2257,0,1
car2258,0,1
car2259,0,1
car2260,0,1
car2261,0,1
car2262,0,1
car2263,0,1
car2264,0,1
car2265,0,1
car2266,0,1
car2267,0,1
car2268,0,1
car2269,0,1
car2270,0,1
car2271,0,1
car2272,0,1
car2273,0,1
car2274,0,1
car2275,0,1
car2276,0,1
car2277,0,1
car2278,0,1
car2279,0,1
car2280,0,1
car2281,0,1
car2282,0,1
car2283,0,1
car2284,0,1
car2285,0,1
car2286,0,1
car2287,-1,1
car2288,0,1
car2289,0,1
car2290,0,1
car2291,0,1
car2292,-1,1
car2293,0,1
car2294,0,1
car2295,0,1
car2296,0,1
car2297,0,1
car2298,0,1
car2299,0,1
car2300,0,1
car2301,0,1
car2302,0,1
car2303,0,1
car2304,0,1
car2305,0,1
car2306,0,1
car2307,0,1
car2308,0,1
car2309,0,1
car2310,0,1
car2311,-1,1
car2312,0,1
car2313,0,1
car2314,-1,1
car2315,0,1
car2316,0,1
car2317,0,1
car2318,0,1
car2319,0,1
car2320,0,1
car2321,0,1
car2322,0,1
car2323,0,1
car2324,0,1
car2325,0,1
car2326,0,1
car2327,0,1
car2328,0,1
car2329,0,1
car2330,0,1
car2331,0,1
car2332,0,1
car2333,0,1
car2334,0,1
car2335,0,1
car2336,0,1
car2337,0,1
car2338,-1,1
car2339,0,1
car2340,0,1
car2341,0,1
car2342,0,1
car2343,0,1
car2344,0,1
car2345,-1,1
car2346,0,1
car2347,0,1
car2348,0,1
car2349,0,1
car2350,0,1
car2351,0,1
car2352,0,1
car2353,0,1
car2354,0,1
car2355,0,1
car2356,0,1
car2357,0,1
car2358,0,1
car2359,0,1
car2360,0,1
car2361,0,1
car2362,0,1
car2363,0,1
car2364,0,1
car2365,0,1
car2366,0,1
car2367,0,1
car2368,0,1
car2369,0,1
car2370,0,1
car2371,0,1
car2372,0,1
car2373,0,1
car2374,0,1
car2375,-1,1
car2376,0,1
car2377,0,1
car2378,0,1
car2379,0,1
car2380,-1,1
car2381,0,1
car2382,0,1
car2383,0,1
car2384,0,1
car2385,0,1
car2386,0,1
car2387,0,1
car2388,0,1
car2389,0,1
car2390,0,1
car2391,0,1
car2392,0,1
car2393,0,1
car2394,0,1
car2395,0,1
car2396,0,1
car2397,0,1
car2398,0,1
car2399,0,1
car2400,0,1
car2401,0,1
car2402,0,1
car2403,0,1
car2404,0,1
car2405,0,1
car2406,0,1
car2407,-1,1
car2408,0,1
car2409,0,1
car2410,0,1
car2411,-1,1
car2412,0,1
car2413,0,1
car2414,0,1
car2415,0,1
car2416,0,1
car2417,0,1
car2418,0,1
car2419,0,1
car2420,0,1
car2421,0,1
car2422,0,1
car2423,0,1
car2424,0,1
car2425,0,1
car2426,0,1
car2427,0,1
car2428,0,1
car2429,0,1
car2430,0,1
car2431,0,1
car2432,0,1
car2433,0,1
car2434,0,1
car2435,0,1
car2436,0,1
car2437,0,1
car2438,0,1
car2439,0,1
car2440,0,1
car2441,0,1
car2442,0,1
car2443,0,1
car2444,0,1
car2445,0,1
car2446,0,1
car2447,0,1
car2448,0,1
car2449,0,1
car2450,0,1
car2451,0,1
car2452,0,1
car2453,0,1
car2454,0,1
car2455,0,1
car2456,0,1
car2457,0,1
car2458,0,1
car2459,0,1
car2460,0,1
car2461,0,1
car2462,0,1
car2463,0,1
car2464,0,1
car2465,0,1
car2466,0,1
car2467,0,1
car2468,0,1
car2469,0,1
car2470,0,1
car2471,0,1
car2472,0,1
car2473,0,1
car2474,0,1
car2475,0,1
car2476,0,1
car2477,0,1
car2478,0,1
car2479,0,1
car2480,0,1
car2481,0,1
car2482,0,1
car2483,0,1
car2484,0,1
car2485,0,1
car2486,0,1
car2487,0,1
car2488,0,1
car2489,0,1
car2490,-1,1
car2491,0,1
car2492,0,1
car2493,0,1
car2494,0,1
car2495,0,1
car2496,0,1
car2497,0,1
car2498,0,1
car2499,0,1
car2500,0,1
car2501,0,1
car2502,0,1
car2503,0,1
car2504,0,1
car2505,0,1
car2506,0,1
car2507,-1,1
car2508,0,1
car2509,0,1
car2510,0,1
car2511,0,1
car2512,0,1
car2513,0,1
car2514,-1,1
car2515,0,1
car2516,0,1
car2517,0,1
car2518,0,1
car2519,0,1
car2520,0,1
car2521,0,1
car2522,0,1
car2523,0,1
car2524,0,1
car2525,0,1
car2526,0,1
car2527,0,1
car2528,0,1
car2529,0,1
car2530,0,1
car2531,0,1
car2532,0,1
car2533,0,1
car2534,0,1
car2535,0,1
car2536,0,1
car2537,0,1
car2538,0,1
car2539,0,1
car2540,0,1
car2541,0,1
car2542,0,1
car2543,0,1
car2544,0,1
car2545,0,1
car2546,0,1
car2547,0,1
car2548,0,1
car2549,0,1
car2550,0,1
car2551,0,1
car2552,0,1
car2553,0,1
car2554,0,1
car2555,0,1
car2556,0,1
car2557,0,1
car2558,0,1
car2559,0,1
car2560,0,1
car2561,0,1
car2562,0,1
car2563,-1,1
car2564,0,1
car2565,0,1
car2566,0,1
car2567,-1,1
car2568,0,1
car2569,0,1
car2570,0,1
car2571,0,1
car2572,0,1
car2573,0,1
car2574,0,1
car2575,0,1
car2576,0,1
car2577,0,1
car2578,0,1
car2579,0,1
car2580,0,1
car2581,0,1
car2582,0,1
car2583,0,1
car2584,0,1
car2585,-1,1
car2586,0,1
car2587,0,1
car2588,0,1
car2589,0,1
car2590,0,1
car2591,0,1
car2592,0,1
car2593,0,1
car2594,0,1
car2595,0,1
car2596,0,1
car2597,0,1
car2598,0,1
car2599,0,1
car2600,0,1
car2601,0,1
car2602,0,1
car2603,0,1
car2604,0,1
car2605,0,1
car2606,0,1
car2607,0,1
car2608,0,1
car2609,-1,1
car2610,0,1
car2611,0,1
car2612,-1,1
car2613,0,1
car2614,0,1
car2615,-1,1
car2616,0,1
car2617,0,1
car2618,0,1
car2619,0,1
car2620,0,1
car2621,0,1
car2622,0,1
car2623,0,1
car2624,0,1
car2625,0,1
car2626,0,1
car2627,0,1
car2628,0,1
car2629,0,1
car2630,0,1
car2631,0,1
car2632,0,1
car2633,0,1
car2634,0,1
car2635,0,1
car2636,-1,1
car2637,0,1
car2638,0,1
car2639,0,1
car2640,0,1
car2641,0,1
car2642,0,1
car2643,0,1
car2644,0,1
car2645,0,1
car2646,0,1
car2647,0,1
car2648,0,1
car2649,0,1
car2650,0,1
car2651,0,1
car2652,0,1
car2653,0,1
car2654,0,1
car2655,0,1
car2656,0,1
car2657,0,1
car2658,0,1
car2659,0,1
car2660,0,1
car2661,0,1
car2662,0,1
car2663,0,1
car2664,0,1
car2665,0,1
car2666,0,1
car2667,0,1
car2668,0,1
car2669,0,1
car2670,0,1
car2671,0,1
car2672,0,1
car2673,0,1
car2674,0,1
car2675,0,1
car2676,0,1
car2677,0,1
car2678,0,1
car2679,0,1
car2680,0,1
car2681,0,1
car2682,0,1
car2683,0,1
car2684,0,1
car2685,0,1
car2686,0,1
car2687,0,1
car2688,0,1
car2689,0,1
car2690,0,1
car2691,0,1
car2692,0,1
car2693,0,1
car2694,0,1
car2695,0,1
car2696,0,1
car2697,0,1
car2698,0,1
car2699,0,1
car2700,-1,1
car2701,0,1
car2702,0,1
car2703,0,1
car2704,0,1
car2705,0,1
car2706,-1,1
car2707,0,1
car2708,0,1
car2709,0,1
car2710,0,1
car2711,0,1
car2712,0,1
car2713,0,1
car2714,0,1
car2715,0,1
car2716,0,1
car2717,0,1
car2718,0,1
car2719,0,1
car2720,0,1
car2721,0,1
car2722,0,1
car2723,0,1
car2724,0,1
car2725,0,1
car2726,0,1
car2727,0,1
car2728,0,1
car2729,0,1
car2730,0,1
car2731,0,1
car2732,-1,1
car2733,0,1
car2734,0,1
car2735,0,1
car2736,-1,1
car2737,0,1
car2738,0,1
car2739,0,1
car2740,0,1
car2741,0,1
car2742,0,1
car2743,0,1
car2744,0,1
car2745,0,1
car2746,0,1
car2747,0,1
car2748,0,1
car2749,0,1
car2750,0,1
car2751,0,1
car2752,0,1
car2753,0,1
car2754,0,1
car2755,0,1
car2756,0,1
car2757,0,1
car2758,0,1
car2759,0,1
car2760,0,1
car2761,0,1
car2762,0,1
car2763,0,1
car2764,0,1
car2765,0,1
car2766,0,1
car2767,0,1
car2768,0,1
car2769,0,1
car2770,0,1
car2771,0,1
car2772,0,1
car2773,0,1
car2774,0,1
car2775,0,1
car2776,-1,1
car2777,0,1
car2778,0,1
car2779,0,1
car2780,0,1
car2781,0,1
car2782,0,1
car2783,0,1
car2784,0,1
car2785,0,1
car2786,0,1
car2787,0,1
car2788,0,1
car2789,0,1
car2790,0,1
car2791,0,1
car2792,0,1
car2793,0,1
car2794,0,1
car2795,0,1
car2796,0,1
car2797,0,1
car2798,0,1
car2799,0,1
car2800,0,1
car2801,0,1
car2802,0,1
car2803,0,1
car2804,-1,1
car2805,0,1
car2806,0,1
car2807,0,1
car2808,0,1
car2809,0,1
car2810,0,1
car2811,0,1
car2812,0,1
car2813,0,1
car2814,0,1
car2815,0,1
car2816,0,1
car2817,0,1
car2818,0,1
car2819,0,1
car2820,0,1
car2821,0,1
car2822,0,1
car2823,0,1
car2824,0,1
car2825,0,1
car2826,0,1
car2827,0,1
car2828,0,1
car2829,0,1
car2830,0,1
car2831,0,1
car2832,0,1
car2833,0,1
car2834,0,1
car2835,0,1
car2836,0,1
car2837,0,1
car2838,0,1
car2839,0,1
car2840,0,1
car2841,0,1
car2842,0,1
car2843,0,1
car2844,0,1
car2845,0,1
car2846,0,1
car2847,0,1
car2848,0,1
car2849,0,1
car2850,0,1
car2851,0,1
car2852,0,1
car2853,0,1
car2854,0,1
car2855,0,1
car2856,0,1
car2857,0,1
car2858,0,1
car2859,-1,1
car2860,0,1
car2861,0,1
car2862,0,1
car2863,0,1
car2864,0,1
car2865,0,1
car2866,0,1
car2867,-1,1
car2868,0,1
car2869,0,1
car2870,0,1
car2871,0,1
car2872,0,1
car2873,0,1
car2874,0,1
car2875,0,1
car2876,0,1
car2877,0,1
car2878,0,1
car2879,0,1
car2880,0,1
car2881,0,1
car2882,0,1
car2883,0,1
car2884,0,1
car2885,0,1
car2886,0,1
car2887,0,1
car2888,0,1
car2889,0,1
car2890,0,1
car2891,0,1
car2892,0,1
car2893,0,1
car2894,0,1
car2895,0,1
car2896,0,1
car2897,0,1
car2898,0,1
car2899,0,1
car2900,0,1
car2901,0,1
car2902,0,1
car2903,0,1
car2904,0,1
car2905,0,1
car2906,0,1
car2907,0,1
car2908,0,1
car2909,0,1
car2910,0,1
car2911,0,1
car2912,0,1
car2913,0,1
car2914,0,1
car2915,-1,1
car2916,0,1
car2917,0,1
car2918,0,1
car2919,0,1
car2920,0,1
car2921,0,1
car2922,0,1
car2923,0,1
car2924,-1,1
car2925,0,1
car2926,0,1
car2927,0,1
car2928,0,1
car2929,0,1
car2930,0,1
car2931,0,1
car2932,0,1
car2933,0,1
car2934,0,1
car2935,0,1
car2936,0,1
car2937,0,1
car2938,0,1
car2939,0,1
car2940,0,1
car2941,0,1
car2942,0,1
car2943,0,1
car2944,0,1
car2945,0,1
car2946,0,1
car2947,0,1
car2948,0,1
car2949,0,1
car2950,0,1
car2951,0,1
car2952,0,1
car2953,0,1
car2954,0,1
car2955,0,1
car2956,0,1
car2957,0,1
car2958,0,1
car2959,0,1
car2960,0,1
car2961,0,1
car2962,0,1
car2963,0,1
car2964,0,1
car2965,0,1
car2966,0,1
car2967,0,1
car2968,0,1
car2969,0,1
car2970,0,1
car2971,0,1
car2972,0,1
car2973,0,1
car2974,-1,1
car2975,0,1
car2976,0,1
car2977,0,1
car2978,-1,1
car2979,0,1
car2980,0,1
car2981,0,1
car2982,0,1
car2983,0,1
car2984,0,1
car2985,0,1
car2986,0,1
car2987,0,1
car2988,0,1
car2989,0,1
car2990,0,1
car2991,0,1
car2992,0,1
car2993,0,1
car2994,0,1
car2995,0,1
car2996,0,1
car2997,0,1
car2998,-1,1
car2999,0,1
car3000,0,1
car3001,0,1
car3002,0,1
car3003,0,1
car3004,0,1
car3005,0,1
car3006,0,1
car3007,0,1
car3008,0,1
car3009,0,1
car3010,0,1
car3011,0,1
car3012,0,1
car3013,0,1
car3014,0,1
car3015,0,1
car3016,0,1
car3017,0,1
car3018,0,1
car3019,0,1
car3020,0,1
car3021,0,1
car3022,0,1
car3023,0,1
car3024,0,1
car3025,-1,1
car3026,0,1
car3027,0,1
car3028,-1,1
car3029,0,1
car3030,0,1
car3031,0,1
car3032,0,1
car3033,0,1
car3034,0,1
car3035,0,1
car3036,0,1
car3037,0,1
car3038,0,1
car3039,0,1
car3040,0,1
car3041,0,1
car3042,0,1
car3043,0,1
car3044,0,1
car3045,0,1
car3046,0,1
car3047,0,1
car3048,0,1
car3049,0,1
car3050,0,1
car3051,0,1
car3052,0,1
car3053,0,1
car3054,0,1
car3055,0,1
car3056,0,1
car3057,0,1
car3058,0,1
car3059,0,1
car3060,0,1
car3061,0,1
car3062,0,1
car3063,0,1
car3064,0,1
car3065,0,1
car3066,0,1
car3067,0,1
car3068,0,1
car3069,0,1
car3070,0,1
car3071,0,1
car3072,0,1
car3073,0,1
car3074,0,1
car3075,0,1
car3076,0,1
car3077,0,1
car3078,0,1
car3079,0,1
car3080,0,1
car3081,0,1
car3082,0,1
car3083,0,1
car3084,0,1
car3085,0,1
car3086,0,1
car3087,-1,1
car3088,0,1
car3089,0,1
car3090,0,1
car3091,-1,1
car3092,0,1
car3093,0,1
car3094,0,1
car3095,0,1
car3096,0,1
car3097,0,1
car3098,0,1
car3099,0,1
car3100,0,1
car3101,0,1
car3102,0,1
car3103,0,1
car3104,0,1
car3105,0,1
car3106,-1,1
car3107,0,1
car3108,0,1
car3109,0,1
car3110,-1,1
car3111,0,1
car3112,0,1
car3113,0,1
car3114,0,1
car3115,0,1
car3116,0,1
car3117,0,1
car3118,0,1
car3119,0,1
car3120,0,1
car3121,0,1
car3122,0,1
car3123,0,1
car3124,0,1
car3125,0,1
car3126,0,1
car3127,0,1
car3128,0,1
car3129,0,1
car3130,0,1
car3131,0,1
car3132,0,1
car3133,0,1
car3134,0,1
car3135,-1,1
car3136,0,1
car3137,0,1
car3138,-1,1
car3139,0,1
car3140,0,1
car3141,0,1
car3142,0,1
car3143,0,1
car3144,0,1
car3145,0,1
car3146,0,1
car3147,-1,1
car3148,0,1
car3149,0,1
car3150,0,1
car3151,0,1
car3152,0,1
car3153,0,1
car3154,0,1
car3155,0,1
car3156,0,1
car3157,0,1
car3158,0,1
car3159,0,1
car3160,0,1
car3161,0,1
car3162,0,1
car3163,0,1
car3164,0,1
car3165,0,1
car3166,0,1
car3167,0,1
car3168,0,1
car3169,0,1
car3170,0,1
car3171,0,1
car3172,0,1
car3173,0,1
car3174,0,1
car3175,0,1
car3176,0,1
car3177,-1,1
car3178,0,1
car3179,0,1
car3180,0,1
car3181,-1,1
car3182,0,1
car3183,0,1
car3184,0,1
car3185,0,1
car3186,0,1
car3187,0,1
car3188,0,1
car3189,0,1
car3190,0,1
car3191,0,1
car3192,0,1
car3193,0,1
car3194,0,1
car3195,0,1
car3196,0,1
car3197,0,1
car3198,-1,1
car3199,0,1
car3200,0,1
car3201,0,1
car3202,-1,1
car3203,0,1
car3204,0,1
car3205,0,1
car3206,0,1
car3207,0,1
car3208,0,1
car3209,0,1
car3210,0,1
car3211,0,1
car3212,0,1
car3213,0,1
car3214,0,1
car3215,0,1
car3216,0,1
car3217,0,1
car3218,0,1
car3219,0,1
car3220,0,1
car3221,0,1
car3222,0,1
car3223,0,1
car3224,0,1
car3225,0,1
car3226,0,1
car3227,0,1
car3228,0,1
car3229,0,1
car3230,0,1
car3231,0,1
car3232,0,1
car3233,0,1
car3234,0,1
car3235,0,1
car3236,0,1
car3237,0,1
car3238,0,1
car3239,0,1
car3240,0,1
car3241,0,1
car3242,0,1
car3243,0,1
car3244,0,1
car3245,0,1
car3246,0,1
car3247,0,1
car3248,0,1
car3249,0,1
car3250,0,1
car3251,0,1
car3252,0,1
car3253,0,1
car3254,0,1
car3255,0,1
car3256,0,1
car3257,0,1
car3258,0,1
car3259,0,1
car3260,0,1
car3261,0,1
car3262,0,1
car3263,0,1
car3264,0,1
car3265,0,1
car3266,0,1
car3267,0,1
car3268,0,1
car3269,0,1
car3270,0,1
car3271,0,1
car3272,0,1
car3273,0,1
car3274,0,1
car3275,0,1
car3276,0,1
car3277,0,1
car3278,0,1
car3279,0,1
car3280,0,1
car3281,0,1
car3282,0,1
car3283,0,1
car3284,0,1
car3285,0,1
car3286,0,1
car3287,0,1
car3288,0,1
car3289,0,1
car3290,-1,1
car3291,0,1
car3292,0,1
car3293,0,1
car3294,0,1
car3295,0,1
car3296,0,1
car3297,0,1
car3298,0,1
car3299,0,1
car3300,0,1
car3301,0,1
car3302,0,1
car3303,0,1
car3304,0,1
car3305,0,1
car3306,0,1
car3307,0,1
car3308,0,1
car3309,0,1
car3310,0,1
car3311,0,1
car3312,-1,1
car3313,0,1
car3314,0,1
car3315,0,1
car3316,0,1
car3317,0,1
car3318,0,1
car3319,0,1
car3320,0,1
car3321,0,1
car3322,0,1
car3323,0,1
car3324,0,1
car3325,0,1
car3326,0,1
car3327,0,1
car3328,0,1
car3329,0,1
car3330,0,1
car3331,0,1
car3332,0,1
car3333,0,1
car3334,0,1
car3335,0,1
car3336,0,1
car3337,0,1
car3338,0,1
car3339,0,1
car3340,0,1
car3341,0,1
car3342,0,1
car3343,0,1
car3344,0,1
car3345,0,1
car3346,0,1
car3347,0,1
car3348,0,1
car3349,0,1
car3350,0,1
car3351,0,1
car3352,0,1
car3353,0,1
car3354,0,1
car3355,-1,1
car3356,0,1
car3357,0,1
car3358,0,1
car3359,0,1
car3360,0,1
car3361,0,1
car3362,0,1
car3363,0,1
car3364,0,1
car3365,0,1
car3366,0,1
car3367,-1,1
car3368,0,1
car3369,0,1
car3370,0,1
car3371,0,1
car3372,0,1
car3373,0,1
car3374,0,1
car3375,0,1
car3376,0,1
car3377,0,1
car3378,0,1
car3379,0,1
car3380,0,1
car3381,0,1
car3382,0,1
car3383,0,1
car3384,0,1
car3385,0,1
car3386,0,1
car3387,0,1
car3388,0,1
car3389,0,1
car3390,0,1
car3391,0,1
car3392,0,1
car3393,0,1
car3394,0,1
car3395,0,1
car3396,0,1
car3397,0,1
car3398,0,1
car3399,0,1
car3400,-1,1
car3401,0,1
car3402,0,1
car3403,0,1
car3404,-1,1
car3405,0,1
car3406,0,1
car3407,0,1
car3408,0,1
car3409,0,1
car3410,0,1
car3411,0,1
car3412,0,1
car3413,0,1
car3414,0,1
car3415,0,1
car3416,0,1
car3417,0,1
car3418,0,1
car3419,0,1
car3420,0,1
car3421,0,1
car3422,0,1
car3423,0,1
car3424,0,1
car3425,0,1
car3426,0,1
car3427,0,1
car3428,0,1
car3429,0,1
car3430,0,1
car3431,0,1
car3432,0,1
car3433,0,1
car3434,0,1
car3435,0,1
car3436,0,1
car3437,0,1
car3438,0,1
car3439,0,1
car3440,0,1
car3441,0,1
car3442,0,1
car3443,0,1
car3444,0,1
car3445,0,1
car3446,0,1
car3447,0,1
car3448,0,1
car3449,0,1
car3450,0,1
car3451,0,1
car3452,0,1
car3453,0,1
car3454,0,1
car3455,0,1
car3456,0,1
car3457,0,1
car3458,0,1
car3459,0,1
car3460,0,1
car3461,0,1
car3462,0,1
car3463,0,1
car3464,0,1
car3465,0,1
car3466,0,1
car3467,0,1
car3468,0,1
car3469,0,1
car3470,0,1
car3471,0,1
car3472,0,1
car3473,0,1
car3474,0,1
car3475,0,1
car3476,0,1
car3477,0,1
car3478,0,1
car3479,0,1
car3480,0,1
car3481,0,1
car3482,0,1
car3483,-1,1
car3484,0,1
car3485,0,1
car3486,0,1
car3487,0,1
car3488,0,1
car3489,0,1
car3490,0,1
car3491,0,1
car3492,0,1
car3493,0,1
car3494,0,1
car3495,0,1
car3496,0,1
car3497,0,1
car3498,0,1
car3499,-1,1
car3500,0,1
car3501,0,1
car3502,0,1
car3503,-1,1
car3504,0,1
car3505,0,1
car3506,0,1
car3507,0,1
car3508,0,1
car3509,0,1
car3510,0,1
car3511,0,1
car3512,0,1
car3513,0,1
car3514,0,1
car3515,0,1
car3516,0,1
car3517,0,1
car3518,0,1
car3519,0,1
car3520,0,1
car3521,0,1
car3522,0,1
car3523,0,1
car3524,0,1
car3525,0,1
car3526,0,1
car3527,0,1
car3528,-1,1
car3529,0,1
car3530,0,1
car3531,-1,1
car3532,0,1
car3533,0,1
car3534,0,1
car3535,0,1
car3536,0,1
car3537,0,1
car3538,0,1
car3539,0,1
car3540,0,1
car3541,0,1
car3542,0,1
car3543,0,1
car3544,0,1
car3545,0,1
car3546,0,1
car3547,0,1
car3548,0,1
car3549,0,1
car3550,0,1
car3551,0,1
car3552,0,1
car3553,0,1
car3554,0,1
car3555,0,1
car3556,0,1
car3557,0,1
car3558,0,1
car3559,0,1
car3560,-1,1
car3561,0,1
car3562,0,1
car3563,0,1
car3564,0,1
car3565,0,1
car3566,0,1
car3567,0,1
car3568,0,1
car3569,0,1
car3570,-1,1
car3571,0,1
car3572,0,1
car3573,0,1
car3574,0,1
car3575,0,1
car3576,0,1
car3577,0,1
car3578,0,1
car3579,0,1
car3580,0,1
car3581,0,1
car3582,0,1
car3583,0,1
car3584,0,1
car3585,0,1
car3586,0,1
car3587,0,1
car3588,0,1
car3589,0,1
car3590,0,1
car3591,0,1
car3592,0,1
car3593,0,1
car3594,0,1
car3595,0,1
car3596,0,1
car3597,0,1
car3598,0,1
car3599,0,1
car3600,0,1
car3601,0,1
car3602,0,1
car3603,0,1
car3604,0,1
car3605,0,1
car3606,0,1
car3607,0,1
car3608,-1,1
car3609,0,1
car3610,0,1
car3611,-1,1
car3612,0,1
car3613,0,1
car3614,0,1
car3615,0,1
car3616,0,1
car3617,0,1
car3618,0,1
car3619,0,1
car3620,0,1
car3621,0,1
car3622,0,1
car3623,0,1
car3624,0,1
car3625,0,1
car3626,0,1
car3627,0,1
car3628,0,1
car3629,0,1
car3630,0,1
car3631,0,1
car3632,0,1
car3633,0,1
car3634,0,1
car3635,0,1
car3636,0,1
car3637,0,1
car3638,0,1
car3639,0,1
car3640,0,1
car3641,0,1
car3642,0,1
car3643,0,1
car3644,0,1
car3645,0,1
car3646,0,1
car3647,0,1
car3648,0,1
car3649,0,1
car3650,0,1
car3651,0,1
car3652,0,1
car3653,-1,1
car3654,0,1
car3655,0,1
car3656,0,1
car3657,0,1
car3658,0,1
car3659,0,1
car3660,0,1
car3661,0,1
car3662,0,1
car3663,0,1
car3664,0,1
car3665,0,1
car3666,0,1
car3667,-1,1
car3668,0,1
car3669,0,1
car3670,0,1
car3671,1,1
car3672,0,1
car3673,0,1
car3674,0,1
car3675,0,1
car3676,0,1
car3677,0,1
car3678,0,1
car3679,0,1
car3680,0,1
car3681,0,1
car3682,0,1
car3683,0,1
car3684,0,1
car3685,0,1
car3686,0,1
car3687,0,1
car3688,0,1
car3689,0,1
car3690,0,1
car3691,0,1
car3692,0,1
car3693,0,1
car3694,0,1
car3695,0,1
car3696,0,1
car3697,0,1
car3698,0,1
car3699,0,1
car3700,0,1
car3701,0,1
car3702,0,1
car3703,0,1
car3704,0,1
car3705,0,1
car3706,0,1
car3707,0,1
car3708,0,1
car3709,0,1
car3710,0,1
car3711,0,1
car3712,0,1
car3713,0,1
car3714,0,1
car3715,1,1
car3716,0,1
car3717,0,1
car3718,0,1
car3719,0,1
car3720,0,1
car3721,0,1
car3722,0,1
car3723,0,1
car3724,0,1
car3725,0,1
car3726,0,1
car3727,0,1
car3728,0,1
car3729,0,1
car3730,0,1
car3731,0,1
car3732,0,1
car3733,0,1
car3734,0,1
car3735,0,1
car3736,0,1
car3737,0,1
car3738,0,1
car3739,0,1
car3740,0,1
car3741,0,1
car3742,0,1
car3743,0,1
car3744,0,1
car3745,0,1
car3746,0,1
car3747,0,1
car3748,0,1
car3749,0,1
car3750,0,1
car3751,0,1
car3752,0,1
car3753,0,1
car3754,0,1
car3755,0,1
car3756,0,1
car3757,0,1
car3758,0,1
car3759,0,1
car3760,0,1
car3761,0,1
car3762,0,1
car3763,0,1
car3764,0,1
car3765,0,1
car3766,0,1
car3767,0,1
car3768,0,1
car3769,0,1
car3770,0,1
car3771,0,1
car3772,0,1
car3773,0,1
car3774,0,1
car3775,0,1
car3776,0,1
car3777,0,1
car3778,0,1
car3779,0,1
car3780,0,1
car3781,0,1
car3782,0,1
car3783,0,1
car3784,0,1
car3785,0,1
car3786,0,1
car3787,0,1
car3788,0,1
car3789,0,1
car3790,0,1
car3791,0,1
car3792,0,1
car3793,1,1
car3794,0,1
car3795,0,1
car3796,0,1
car3797,0,1
car3798,0,1
car3799,0,1
car3800,0,1
car3801,0,1
car3802,0,1
car3803,0,1
car3804,0,1
car3805,0,1
car3806,0,1
car3807,0,1
car3808,0,1
car3809,0,1
car3810,0,1
car3811,0,1
car3812,0,1
car3813,0,1
car3814,0,1
car3815,0,1
car3816,0,1
car3817,0,1
car3818,0,1
car3819,0,1
car3820,0,1
car3821,0,1
car3822,0,1
car3823,0,1
car3824,0,1
car3825,0,1
car3826,0,1
car3827,0,1
car3828,0,1
car3829,-1,1
car3830,0,1
car3831,0,1
car3832,0,1
car3833,0,1
car3834,0,1
car3835,-1,1
car3836,0,1
car3837,0,1
car3838,0,1
car3839,0,1
car3840,0,1
car3841,0,1
car3842,0,1
car3843,0,1
car3844,0,1
car3845,0,1
car3846,0,1
car3847,0,1
car3848,0,1
car3849,0,1
car3850,0,1
car3851,0,1
car3852,0,1
car3853,0,1
car3854,0,1
car3855,0,1
car3856,0,1
car3857,0,1
car3858,0,1
car3859,0,1
car3860,0,1
car3861,0,1
car3862,0,1
car3863,0,1
car3864,0,1
car3865,0,1
car3866,0,1
car3867,0,1
car3868,0,1
car3869,0,1
car3870,0,1
car3871,0,1
car3872,0,1
car3873,0,1
car3874,0,1
car3875,0,1
car3876,0,1
car3877,0,1
car3878,0,1
car3879,0,1
car3880,0,1
car3881,0,1
car3882,0,1
car3883,1,1
car3884,0,1
car3885,0,1
car3886,0,1
car3887,0,1
car3888,0,1
car3889,0,1
car3890,0,1
car3891,0,1
car3892,0,1
car3893,0,1
car3894,0,1
car3895,0,1
car3896,0,1
car3897,0,1
car3898,0,1
car3899,0,1
car3900,0,1
car3901,0,1
car3902,0,1
car3903,0,1
car3904,0,1
car3905,0,1
car3906,0,1
car3907,0,1
car3908,0,1
car3909,0,1
car3910,0,1
car3911,0,1
car3912,0,1
car3913,0,1
car3914,0,1
car3915,0,1
car3916,-1,1
car3917,0,1
car3918,0,1
car3919,0,1
car3920,0,1
car3921,-1,1
car3922,0,1
car3923,0,1
car3924,0,1
car3925,0,1
car3926,0,1
car3927,0,1
car3928,0,1
car3929,0,1
car3930,0,1
car3931,0,1
car3932,0,1
car3933,0,1
car3934,0,1
car3935,0,1
car3936,0,1
car3937,0,1
car3938,0,1
car3939,0,1
car3940,0,1
car3941,0,1
car3942,0,1
car3943,0,1
car3944,0,1
car3945,0,1
car3946,0,1
car3947,0,1
car3948,0,1
car3949,0,1
car3950,0,1
car3951,0,1
car3952,0,1
car3953,0,1
car3954,0,1
car3955,0,1
car3956,0,1
car3957,0,1
car3958,-1,1
car3959,0,1
car3960,0,1
car3961,0,1
car3962,0,1
car3963,0,1
car3964,0,1
car3965,0,1
car3966,0,1
car3967,0,1
car3968,0,1
car3969,0,1
car3970,0,1
car3971,0,1
car3972,0,1
car3973,0,1
car3974,0,1
car3975,0,1
car3976,0,1
car3977,0,1
car3978,0,1
car3979,0,1
car3980,0,1
car3981,0,1
car3982,0,1
car3983,1,1
car3984,0,1
car3985,0,1
car3986,0,1
car3987,0,1
car3988,0,1
car3989,0,1
car3990,-1,1
car3991,0,1
car3992,0,1
car3993,0,1
car3994,0,1
car3995,0,1
car3996,0,1
car3997,0,1
car3998,0,1
car3999,0,1
car4000,0,1
car4001,0,1
car4002,0,1
car4003,0,1
car4004,0,1
car4005,0,1
car4006,0,1
car4007,0,1
car4008,0,1
car4009,0,1
car4010,0,1
car4011,0,1
car4012,0,1
car4013,0,1
car4014,0,1
car4015,0,1
car4016,0,1
car4017,0,1
car4018,0,1
car4019,0,1
car4020,0,1
car4021,0,1
car4022,0,1
car4023,0,1
car4024,0,1
car4025,-1,1
car4026,0,1
car4027,0,1
car4028,0,1
car4029,0,1
car4030,0,1
car4031,0,1
car4032,0,1
car4033,0,1
car4034,0,1
car4035,0,1
car4036,0,1
car4037,0,1
car4038,0,1
car4039,0,1
car4040,0,1
car4041,0,1
car4042,0,1
car4043,0,1
car4044,0,1
car4045,0,1
car4046,0,1
car4047,0,1
car4048,0,1
car4049,0,1
car4050,0,1
car4051,0,1
car4052,0,1
car4053,0,1
car4054,0,1
car4055,0,1
car4056,0,1
car4057,0,1
car4058,0,1
car4059,0,1
car4060,0,1
car4061,0,1
car4062,0,1
car4063,0,1
car4064,0,1
car4065,0,1
car4066,0,1
car4067,0,1
car4068,0,1
car4069,0,1
car4070,0,1
car4071,0,1
car4072,0,1
car4073,0,1
car4074,0,1
car4075,0,1
car4076,0,1
car4077,0,1
car4078,0,1
car4079,0,1
car4080,0,1
car4081,0,1
car4082,0,1
car4083,0,1
car4084,0,1
car4085,0,1
car4086,0,1
car4087,0,1
car4088,0,1
car4089,0,1
car4090,0,1
car4091,0,1
car4092,0,1
car4093,0,1
car4094,0,1
car4095,0,1
car4096,0,1
car4097,0,1
car4098,0,1
car4099,0,1
car4100,0,1
car4101,0,1
car4102,0,1
car4103,0,1
car4104,0,1
car4105,0,1
car4106,0,1
car4107,-1,1
car4108,0,1
car4109,0,1
car4110,0,1
car4111,0,1
car4112,0,1
car4113,0,1
car4114,0,1
car4115,0,1
car4116,0,1
car4117,0,1
car4118,0,1
car4119,0,1
car4120,0,1
car4121,0,1
car4122,0,1
car4123,0,1
car4124,0,1
car4125,0,1
car4126,0,1
car4127,0,1
car4128,0,1
car4129,0,1
car4130,0,1
car4131,0,1
car4132,-1,1
car4133,0,1
car4134,0,1
car4135,0,1
car4136,0,1
car4137,0,1
car4138,0,1
car4139,0,1
car4140,0,1
car4141,0,1
car4142,0,1
car4143,0,1
car4144,0,1
car4145,0,1
car4146,0,1
car4147,0,1
car4148,0,1
car4149,0,1
car4150,0,1
car4151,0,1
car4152,0,1
car4153,0,1
car4154,0,1
car4155,0,1
car4156,0,1
car4157,0,1
car4158,0,1
car4159,0,1
car4160,0,1
car4161,-1,1
car4162,0,1
car4163,0,1
car4164,-1,1
car4165,0,1
car4166,0,1
car4167,0,1
car4168,0,1
car4169,0,1
car4170,0,1
car4171,0,1
car4172,0,1
car4173,0,1
car4174,0,1
car4175,0,1
car4176,0,1
car4177,0,1
car4178,0,1
car4179,0,1
car4180,0,1
car4181,0,1
car4182,0,1
car4183,0,1
car4184,0,1
car4185,0,1
car4186,0,1
car4187,0,1
car4188,0,1
car4189,0,1
car4190,0,1
car4191,0,1
car4192,0,1
car4193,-1,1
car4194,0,1
car4195,0,1
car4196,0,1
car4197,0,1
car4198,0,1
car4199,0,1
car4200,0,1
car4201,0,1
car4202,0,1
car4203,0,1
car4204,0,1
car4205,0,1
car4206,0,1
car4207,0,1
car4208,0,1
car4209,0,1
car4210,0,1
car4211,0,1
car4212,0,1
car4213,0,1
car4214,0,1
car4215,0,1
car4216,0,1
car4217,0,1
car4218,0,1
car4219,0,1
car4220,0,1
car4221,0,1
car4222,0,1
car4223,0,1
car4224,0,1
car4225,0,1
car4226,0,1
car4227,0,1
car4228,0,1
car4229,0,1
car4230,0,1
car4231,0,1
car4232,0,1
car4233,0,1
car4234,0,1
car4235,0,1
car4236,0,1
car4237,0,1
car4238,0,1
car4239,0,1
car4240,0,1
car4241,0,1
car4242,0,1
car4243,0,1
car4244,0,1
car4245,0,1
car4246,0,1
car4247,0,1
car4248,0,1
car4249,0,1
car4250,0,1
car4251,0,1
car4252,0,1
car4253,0,1
car4254,0,1
car4255,0,1
car4256,0,1
car4257,0,1
car4258,0,1
car4259,0,1
car4260,0,1
car4261,0,1
car4262,0,1
car4263,0,1
car4264,0,1
car4265,0,1
car4266,0,1
car4267,0,1
car4268,0,1
car4269,0,1
car4270,0,1
car4271,0,1
car4272,0,1
car4273,0,1
car4274,0,1
car4275,0,1
car4276,0,1
car4277,0,1
car4278,0,1
car4279,0,1
car4280,0,1
car4281,0,1
car4282,0,1
car4283,0,1
car4284,0,1
car4285,0,1
car4286,0,1
car4287,0,1
car4288,0,1
car4289,0,1
car4290,0,1
car4291,0,1
car4292,0,1
car4293,0,1
car4294,0,1
car4295,-1,1
car4296,0,1
car4297,0,1
car4298,0,1
car4299,0,1
car4300,0,1
car4301,0,1
car4302,0,1
car4303,0,1
car4304,0,1
car4305,0,1
car4306,0,1
car4307,0,1
car4308,0,1
car4309,0,1
car4310,0,1
car4311,0,1
car4312,0,1
car4313,0,1
car4314,0,1
car4315,0,1
car4316,0,1
car4317,0,1
car4318,0,1
car4319,0,1
car4320,0,1
car4321,0,1
car4322,0,1
car4323,0,1
car4324,0,1
car4325,-1,1
car4326,0,1
car4327,0,1
car4328,0,1
car4329,-1,1
car4330,0,1
car4331,0,1
car4332,0,1
car4333,0,1
car4334,0,1
car4335,0,1
car4336,0,1
car4337,0,1
car4338,0,1
car4339,0,1
car4340,0,1
car4341,0,1
car4342,0,1
car4343,0,1
car4344,0,1
car4345,0,1
car4346,0,1
car4347,0,1
car4348,0,1
car4349,0,1
car4350,0,1
car4351,0,1
car4352,0,1
car4353,0,1
car4354,0,1
car4355,0,1
car4356,0,1
car4357,0,1
car4358,0,1
car4359,0,1
car4360,0,1
car4361,0,1
car4362,-1,1
car4363,0,1
car4364,0,1
car4365,0,1
car4366,0,1
car4367,0,1
car4368,0,1
car4369,0,1
car4370,0,1
car4371,0,1
car4372,0,1
car4373,0,1
car4374,-1,1
car4375,0,1
car4376,0,1
car4377,0,1
car4378,0,1
car4379,0,1
car4380,0,1
car4381,0,1
car4382,0,1
car4383,0,1
car4384,0,1
car4385,-1,1
car4386,0,1
car4387,0,1
car4388,0,1
car4389,0,1
car4390,0,1
car4391,0,1
car4392,0,1
car4393,0,1
car4394,0,1
car4395,0,1
car4396,0,1
car4397,0,1
car4398,0,1
car4399,0,1
car4400,0,1
car4401,0,1
car4402,0,1
car4403,0,1
car4404,0,1
car4405,0,1
car4406,0,1
car4407,0,1
car4408,0,1
car4409,-1,1
car4410,0,1
car4411,0,1
car4412,0,1
car4413,0,1
car4414,0,1
car4415,0,1
car4416,0,1
car4417,0,1
car4418,0,1
car4419,0,1
car4420,0,1
car4421,0,1
car4422,0,1
car4423,0,1
car4424,0,1
car4425,0,1
car4426,0,1
car4427,0,1
car4428,0,1
car4429,0,1
car4430,-1,1
car4431,0,1
car4432,0,1
car4433,0,1
car4434,0,1
car4435,0,1
car4436,0,1
car4437,0,1
car4438,1,1
car4439,0,1
car4440,0,1
car4441,0,1
car4442,0,1
car4443,0,1
car4444,0,1
car4445,0,1
car4446,0,1
car4447,0,1
car4448,0,1
car4449,0,1
car4450,0,1
car4451,0,1
car4452,0,1
car4453,0,1
car4454,0,1
car4455,0,1
car4456,0,1
car4457,0,1
car4458,0,1
car4459,0,1
car4460,0,1
car4461,0,1
car4462,0,1
car4463,0,1
car4464,0,1
car4465,0,1
car4466,0,1
car4467,0,1
car4468,0,1
car4469,0,1
car4470,0,1
car4471,0,1
car4472,0,1
car4473,0,1
car4474,0,1
car4475,0,1
car4476,0,1
car4477,0,1
car4478,0,1
car4479,0,1
car4480,0,1
car4481,0,1
car4482,0,1
car4483,0,1
car4484,0,1
car4485,0,1
car4486,0,1
car4487,0,1
car4488,0,1
car4489,0,1
car4490,0,1
car4491,-1,1
car4492,0,1
car4493,0,1
car4494,0,1
car4495,0,1
car4496,0,1
car4497,0,1
car4498,0,1
car4499,0,1
car4500,0,1
car4501,0,1
car4502,0,1
car4503,0,1
car4504,0,1
car4505,0,1
car4506,0,1
car4507,0,1
car4508,0,1
car4509,-1,1
car4510,0,1
car4511,0,1
car4512,0,1
car4513,0,1
car4514,0,1
car4515,0,1
car4516,0,1
car4517,0,1
car4518,0,1
car4519,0,1
car4520,0,1
car4521,0,1
car4522,0,1
car4523,0,1
car4524,0,1
car4525,0,1
car4526,0,1
car4527,0,1
car4528,0,1
car4529,0,1
car4530,0,1
car4531,0,1
car4532,0,1
car4533,0,1
car4534,0,1
car4535,0,1
car4536,0,1
car4537,0,1
car4538,0,1
car4539,0,1
car4540,0,1
car4541,0,1
car4542,0,1
car4543,0,1
car4544,0,1
car4545,0,1
car4546,0,1
car4547,0,1
car4548,0,1
car4549,0,1
car4550,0,1
car4551,-1,1
car4552,0,1
car4553,0,1
car4554,0,1
car4555,0,1
car4556,0,1
car4557,-1,1
car4558,0,1
car4559,0,1
car4560,0,1
car4561,0,1
car4562,0,1
car4563,0,1
car4564,0,1
car4565,0,1
car4566,0,1
car4567,0,1
car4568,0,1
car4569,0,1
car4570,0,1
car4571,0,1
car4572,0,1
car4573,-1,1
car4574,0,1
car4575,0,1
car4576,0,1
car4577,-1,1
car4578,0,1
car4579,0,1
car4580,0,1
car4581,0,1
car4582,0,1
car4583,0,1
car4584,0,1
car4585,0,1
car4586,0,1
car4587,0,1
car4588,0,1
car4589,0,1
car4590,0,1
car4591,0,1
car4592,0,1
car4593,-1,1
car4594,0,1
car4595,0,1
car4596,0,1
car4597,0,1
car4598,0,1
car4599,0,1
car4600,0,1
car4601,0,1
car4602,0,1
car4603,0,1
car4604,0,1
car4605,0,1
car4606,0,1
car4607,0,1
car4608,0,1
car4609,0,1
car4610,0,1
car4611,0,1
car4612,0,1
car4613,0,1
car4614,0,1
car4615,0,1
car4616,0,1
car4617,0,1
car4618,0,1
car4619,0,1
car4620,0,1
car4621,0,1
car4622,0,1
car4623,0,1
car4624,0,1
car4625,0,1
car4626,0,1
car4627,0,1
car4628,0,1
car4629,0,1
car4630,0,1
car4631,0,1
car4632,0,1
car4633,0,1
car4634,0,1
car4635,0,1
car4636,0,1
car4637,0,1
car4638,0,1
car4639,0,1
car4640,0,1
car4641,0,1
car4642,0,1
car4643,0,1
car4644,0,1
car4645,0,1
car4646,0,1
car4647,0,1
car4648,0,1
car4649,0,1
car4650,0,1
car4651,0,1
car4652,0,1
car4653,0,1
car4654,-1,1
car4655,0,1
car4656,0,1
car4657,0,1
car4658,0,1
car4659,0,1
car4660,0,1
car4661,-1,1
car4662,0,1
car4663,0,1
car4664,0,1
car4665,0,1
car4666,0,1
car4667,0,1
car4668,0,1
car4669,0,1
car4670,0,1
car4671,0,1
car4672,0,1
car4673,0,1
car4674,0,1
car4675,0,1
car4676,0,1
car4677,0,1
car4678,0,1
car4679,0,1
car4680,0,1
car4681,0,1
car4682,0,1
car4683,0,1
car4684,0,1
car4685,0,1
car4686,0,1
car4687,0,1
car4688,0,1
car4689,0,1
car4690,0,1
car4691,0,1
car4692,0,1
car4693,0,1
car4694,0,1
car4695,0,1
car4696,0,1
car4697,0,1
car4698,-1,1
car4699,0,1
car4700,0,1
car4701,0,1
car4702,0,1
car4703,0,1
car4704,0,1
car4705,0,1
car4706,0,1
car4707,0,1
car4708,0,1
car4709,0,1
car4710,0,1
car4711,0,1
car4712,0,1
car4713,0,1
car4714,0,1
car4715,0,1
car4716,0,1
car4717,0,1
car4718,0,1
car4719,0,1
car4720,0,1
car4721,0,1
car4722,0,1
car4723,0,1
car4724,0,1
car4725,0,1
car4726,-1,1
car4727,0,1
car4728,0,1
car4729,0,1
car4730,-1,1
car4731,0,1
car4732,0,1
car4733,0,1
car4734,0,1
car4735,0,1
car4736,0,1
car4737,0,1
car4738,0,1
car4739,0,1
car4740,0,1
car4741,0,1
car4742,0,1
car4743,0,1
car4744,0,1
car4745,0,1
car4746,0,1
car4747,0,1
car4748,0,1
car4749,0,1
car4750,0,1
car4751,0,1
car4752,0,1
car4753,0,1
car4754,0,1
car4755,0,1
car4756,0,1
car4757,0,1
car4758,0,1
car4759,0,1
car4760,0,1
car4761,0,1
car4762,0,1
car4763,0,1
car4764,0,1
car4765,0,1
car4766,-1,1
car4767,0,1
car4768,0,1
car4769,0,1
car4770,0,1
car4771,0,1
car4772,0,1
car4773,0,1
car4774,0,1
car4775,0,1
car4776,0,1
car4777,0,1
car4778,0,1
car4779,0,1
car4780,0,1
car4781,0,1
car4782,0,1
car4783,0,1
car4784,0,1
car4785,0,1
car4786,0,1
car4787,0,1
car4788,0,1
car4789,0,1
car4790,0,1
car4791,0,1
car4792,0,1
car4793,0,1
car4794,0,1
car4795,0,1
car4796,0,1
car4797,0,1
car4798,0,1
car4799,0,1
car4800,0,1
car4801,-1,1
car4802,0,1
car4803,0,1
car4804,0,1
car4805,-1,1
car4806,0,1
car4807,0,1
car4808,0,1
car4809,0,1
car4810,0,1
car4811,0,1
car4812,0,1
car4813,0,1
car4814,0,1
car4815,0,1
car4816,0,1
car4817,0,1
car4818,0,1
car4819,0,1
car4820,0,1
car4821,0,1
car4822,0,1
car4823,0,1
car4824,0,1
car4825,0,1
car4826,0,1
car4827,0,1
car4828,0,1
car4829,0,1
car4830,0,1
car4831,-1,1
car4832,0,1
car4833,0,1
car4834,0,1
car4835,0,1
car4836,0,1
car4837,0,1
car4838,0,1
car4839,0,1
car4840,0,1
car4841,0,1
car4842,0,1
car4843,0,1
car4844,0,1
car4845,0,1
car4846,0,1
car4847,0,1
car4848,0,1
car4849,0,1
car4850,0,1
car4851,0,1
car4852,0,1
car4853,0,1
car4854,0,1
car4855,0,1
car4856,0,1
car4857,0,1
car4858,0,1
car4859,0,1
car4860,0,1
car4861,0,1
car4862,0,1
car4863,0,1
car4864,0,1
car4865,0,1
car4866,0,1
car4867,0,1
car4868,0,1
car4869,0,1
car4870,0,1
car4871,0,1
car4872,0,1
car4873,0,1
car4874,0,1
car4875,-1,1
car4876,0,1
car4877,0,1
car4878,0,1
car4879,0,1
car4880,0,1
car4881,0,1
car4882,0,1
car4883,0,1
car4884,0,1
car4885,-1,1
car4886,0,1
car4887,0,1
car4888,0,1
car4889,0,1
car4890,0,1
car4891,0,1
car4892,0,1
car4893,0,1
car4894,0,1
car4895,0,1
car4896,0,1
car4897,0,1
car4898,0,1
car4899,0,1
car4900,0,1
car4901,0,1
car4902,0,1
car4903,0,1
car4904,0,1
car4905,0,1
car4906,0,1
car4907,0,1
car4908,0,1
car4909,0,1
car4910,-1,1
car4911,0,1
car4912,0,1
car4913,-1,1
car4914,0,1
car4915,0,1
car4916,0,1
car4917,0,1
car4918,0,1
car4919,0,1
car4920,0,1
car4921,-1,1
car4922,0,1
car4923,0,1
car4924,0,1
car4925,0,1
car4926,0,1
car4927,0,1
car4928,0,1
car4929,0,1
car4930,0,1
car4931,0,1
car4932,0,1
car4933,0,1
car4934,0,1
car4935,0,1
car4936,0,1
car4937,0,1
car4938,0,1
car4939,0,1
car4940,0,1
car4941,0,1
car4942,0,1
car4943,0,1
car4944,0,1
car4945,0,1
car4946,0,1
car4947,0,1
car4948,0,1
car4949,0,1
car4950,0,1
car4951,0,1
car4952,0,1
car4953,0,1
car4954,0,1
car4955,0,1
car4956,0,1
car4957,0,1
car4958,-1,1
car4959,0,1
car4960,0,1
car4961,0,1
car4962,0,1
car4963,0,1
car4964,0,1
car4965,0,1
car4966,0,1
car4967,0,1
car4968,0,1
car4969,0,1
car4970,0,1
car4971,0,1
car4972,0,1
car4973,0,1
car4974,0,1
car4975,0,1
car4976,0,1
car4977,0,1
car4978,0,1
car4979,0,1
car4980,0,1
car4981,0,1
car4982,0,1
car4983,0,1
car4984,0,1
car4985,0,1
car4986,0,1
car4987,0,1
car4988,0,1
car4989,0,1
car4990,0,1
car4991,0,1
car4992,0,1
car4993,0,1
car4994,0,1
car4995,0,1
car4996,-1,1
car4997,0,1
car4998,0,1
car4999,0,1
